name,email
abraham,abraham@gmail.com
brown,brown@yahoo.com
cold,cold@asdf.com
eat,eat@gmail.com
food,food@aaa.com
good,good@bbb.com
lennon,lennon@bbb.com
walk,walk@fff.com
red,red@red.com
blue,blue@blue.blue
color,color@color.com
